time,flux,flux_err,alternate_err
1403.461914,0.986152,0.213726,0.0009558823529411745
1403.525269,0.987092,0.209837,0.0009558823529411745
1403.598022,0.988443,0.213698,0.0009558823529411745
1403.668823,0.989125,0.212024,0.0009558823529411745
1403.736816,0.990238,0.210084,0.0009558823529411745
1403.807129,0.991686,0.208758,0.0009558823529411745
1403.876953,0.992528,0.211272,0.0009558823529411745
1403.950195,0.993016,0.205714,0.0009558823529411745
1404.019043,0.993555,0.204282,0.0009558823529411745
1404.086426,0.994463,0.208831,0.0009558823529411745
1404.171753,0.995132,0.208137,0.0009558823529411745
1404.230469,0.995278,0.213957,0.0009558823529411745
1404.291382,0.995362,0.209479,0.0009558823529411745
1404.365601,0.99535,0.215714,0.0009558823529411745
1404.44519,0.995699,0.210631,0.0009494487745098203
1404.512939,0.995434,0.207458,0.0009422532107843247
1404.585571,0.99492,0.212726,0.0009345390277777765
1404.65625,0.99465,0.20846,0.0009270322712418361
1404.723511,0.994605,0.208796,0.000919888537581714
1404.800415,0.993841,0.212687,0.0009312218582887493
1404.869019,0.99373,0.215823,0.0009431450133689723
1404.937866,0.993506,0.211544,0.0009551104010695082
1405.005005,0.994068,0.202543,0.0009667789438502568
1405.079346,0.993706,0.204273,0.0009796991711229852
1405.150513,0.993462,0.210861,0.0009920677673796803
1405.220703,0.99334,0.206707,0.0009926470588235287
1405.28894,0.9932,0.204977,0.0009926470588235287
1405.361206,0.99355,0.208319,0.0009926470588235287
1405.429077,0.993127,0.215018,0.0009926470588235287
1405.499634,0.992916,0.211071,0.0009926470588235287
1405.57312,0.99324,0.214151,0.0009926470588235287
1405.643066,0.99283,0.209716,0.0009926470588235287
1405.711426,0.992824,0.210181,0.000996708137254884
1405.783081,0.993572,0.209397,0.001011928970588211
1405.848755,0.993513,0.212369,0.0010258793300653246
1405.922852,0.993404,0.207917,0.001041618888888842
1405.993774,0.993778,0.210007,0.001056684019607821
1406.059082,0.993972,0.209077,0.0010661764705882336
1406.137085,0.994667,0.210666,0.0010661764705882336
1406.204346,0.994721,0.21588,0.0010661764705882336
1406.274902,0.994647,0.214833,0.0010661764705882336
1406.348999,0.995044,0.209774,0.0010661764705882336
1406.414917,0.995427,0.214892,0.0010661764705882336
1406.484619,0.995752,0.213731,0.0010661764705882336
1406.55835,0.996152,0.212671,0.0010661764705882336
1406.629028,0.996444,0.210237,0.0010661764705882336
1406.692017,0.996815,0.211835,0.0010661764705882336
1406.7677,0.997269,0.209517,0.0010661764705882336
1406.839233,0.997546,0.217101,0.0010661764705882336
1406.91272,0.997909,0.214872,0.0010608035294117713
1406.978271,0.998485,0.21166,0.0010482717205882546
1407.04895,0.998834,0.209811,0.001034759558823515
1407.118286,0.998945,0.21009,0.0010030530392157939
1407.191284,0.999086,0.213486,0.0009565347058824531
1407.264038,0.998965,0.21436,0.0009482639379085082
1407.331177,0.999375,0.213059,0.0009411331617647173
1407.410278,0.999764,0.221836,0.000932731911764713
1407.470459,0.999188,0.220743,0.0009263401388889139
1407.848999,0.999112,0.201288,0.0008201718872549153
1407.912476,0.999537,0.214422,0.0008141498235293913
1407.96936,1.0,0.217912,0.0008250247058823524
1408.036133,0.999993,0.217307,0.000837790132352948
1408.103516,0.999642,0.2189,0.0008455882352941188
1408.175415,0.999385,0.216222,0.0008455882352941188
1408.248901,0.999066,0.222478,0.0008455882352941188
1408.313477,0.99889,0.209245,0.0008455882352941188
1408.389648,0.998319,0.216542,0.0008559820588235549
1408.453735,0.997901,0.214906,0.0008712969669117792
1408.533447,0.996985,0.213213,0.0008881659224598963
1408.604004,0.996846,0.221686,0.0009004285026738018
1408.669312,0.996122,0.218498,0.00091177882352941
1408.744141,0.99535,0.216251,0.0009247838636363463
1408.817871,0.99393,0.227125,0.0009375979010695137
1408.880371,0.993278,0.214082,0.0009484602005347546
1408.954468,0.9928,0.210434,0.0009558823529411745
1409.028198,0.991043,0.214056,0.0009558823529411745
1409.09729,0.989851,0.226153,0.0009558823529411745
1409.168091,0.988184,0.219203,0.0009558823529411745
1409.241821,0.987478,0.222521,0.0009558823529411745
1409.302124,0.986171,0.217501,0.0009558823529411745
1409.37439,0.984505,0.215762,0.0009558823529411745
1409.446167,0.983017,0.221334,0.0009558823529411745
1409.518311,0.981572,0.231588,0.0009558823529411745
1409.586914,0.980706,0.226503,0.0009558823529411745
1409.659912,0.978857,0.220747,0.0009558823529411745
1409.728027,0.977586,0.222415,0.0009558823529411745
1409.798828,0.97542,0.221546,0.0009558823529411745
1409.869507,0.974558,0.218002,0.0009558823529411745
1409.938843,0.973178,0.222834,0.0009558823529411745
1410.009521,0.9713,0.219531,0.0009558823529411745
1410.080933,0.969697,0.222467,0.0009558823529411745
1410.149536,0.969373,0.22019,0.0009558823529411745
1410.217163,0.968519,0.208941,0.0009558823529411745
1410.287231,0.966888,0.220823,0.0009558823529411745
1410.35083,0.965649,0.228512,0.0009558823529411745
1410.457397,0.964784,0.202715,0.0009558823529411745
1410.502808,0.96357,0.223514,0.0009558823529411745
1410.574585,0.963242,0.215906,0.0009558823529411745
1410.645996,0.962221,0.226547,0.0009558823529411745
1410.719849,0.961492,0.218364,0.0009558823529411745
1410.783936,0.961982,0.223939,0.0009558823529411745
1410.859497,0.961409,0.22168,0.0009558823529411745
1410.926025,0.960942,0.219616,0.0009615370273109092
1410.997314,0.960821,0.222218,0.0009712718697478833
1411.06543,0.960552,0.221261,0.000980573424369754
1411.134155,0.961219,0.208635,0.0009899581407562916
1411.206177,0.961605,0.214529,0.000999793077731092
1411.278076,0.961685,0.227103,0.0010096112184874008
1411.346069,0.962028,0.220909,0.001018895976890749
1411.416016,0.96319,0.218781,0.001028447563025199
1411.485474,0.964211,0.217002,0.0010294117647058829
1411.560303,0.964846,0.237044,0.0010294117647058829
1411.626343,0.965837,0.222354,0.0010294117647058829
1411.703857,0.966588,0.216646,0.0010294117647058829
1411.764771,0.967515,0.220907,0.0010294117647058829
1411.840332,0.969135,0.219923,0.0010294117647058829
1411.906372,0.969835,0.218191,0.0010294117647058829
1411.977539,0.971007,0.21816,0.0010294117647058829
1412.049805,0.972357,0.234014,0.0010294117647058829
1412.121216,0.974237,0.223872,0.0010289050267379802
1412.187622,0.975323,0.210675,0.001023134451871677
1412.261841,0.977045,0.224637,0.0010166849398395834
1412.332764,0.978299,0.228698,0.0010105218449197977
1412.400513,0.97955,0.228157,0.0010046345655080281
1412.475708,0.980998,0.225909,0.0009981002406417266
1412.544556,0.981979,0.241246,0.0009926470588235287
1412.617188,0.98338,0.230528,0.0009926470588235287
1412.688232,0.984464,0.231904,0.0009926470588235287
1412.753296,0.985664,0.233697,0.0009576684705882597
1412.824097,0.986623,0.228363,0.0009170620147059798
1412.897705,0.987938,0.235147,0.0008823529411764695
1412.965698,0.989055,0.230694,0.0008823529411764695
1413.037964,0.990325,0.236047,0.0008823529411764695
1413.103516,0.991812,0.225139,0.0008823529411764695
1413.178955,0.993059,0.222106,0.0008823529411764695
1413.249756,0.993664,0.233375,0.0008823529411764695
1413.314697,0.993787,0.230994,0.0008823529411764695
1413.385376,0.994167,0.230716,0.0008823529411764695
1413.4646,0.994524,0.235805,0.0008823529411764695
1413.524048,0.994901,0.217205,0.0008823529411764695
1413.596069,0.994813,0.227679,0.0008823529411764695
1413.673828,0.994576,0.228206,0.0008963191911764297
1413.736816,0.994377,0.231728,0.0009113714705882301
1413.806396,0.994216,0.225327,0.0009279990441176128
1413.881714,0.994357,0.216443,0.0009459978308823598
1413.951538,0.993578,0.233453,0.0009626837132352878
1414.019653,0.994007,0.234103,0.0009789611948529473
1414.085083,0.993199,0.219302,0.0009926470588235287
1414.169556,0.99278,0.242377,0.0009926470588235287
1414.234985,0.991807,0.233111,0.0009926470588235287
1414.310425,0.991126,0.226073,0.0009926470588235287
1414.37146,0.991272,0.2273,0.0009926470588235287
1414.451538,0.990733,0.229081,0.0009926470588235287
1414.52124,0.990616,0.23972,0.0009926470588235287
1414.585693,0.990097,0.238819,0.0009926470588235287
1414.664795,0.989855,0.238459,0.0009926470588235287
1414.725098,0.989634,0.228353,0.0009926470588235287
1414.796387,0.98937,0.23286,0.0009926470588235287
1414.869873,0.988706,0.230181,0.0009888682720588023
1414.940918,0.989224,0.237015,0.0009775498284313674
1415.008301,0.989005,0.234947,0.0009668147916666535
1415.079224,0.988712,0.233188,0.0009555681512604953
1415.151489,0.988965,0.232453,0.0009457000315125927
1415.224121,0.988999,0.219315,0.0009357817962184894
1415.294922,0.98914,0.223616,0.0009261135924369654
1415.361938,0.988946,0.239718,0.0009169622478991552
1415.430298,0.989297,0.229623,0.0009076273739495833
1415.502686,0.989533,0.233521,0.0008977424579831965
1415.573486,0.989238,0.22918,0.0008880743907563167
1415.64502,0.98964,0.233329,0.0008914178823528774
1415.713745,0.989543,0.23367,0.0009124396470587887
1415.783936,0.989697,0.23658,0.0009339098352940925
1415.854736,0.989301,0.231861,0.0009555663058823191
1415.920776,0.989609,0.216284,0.0009757667764705355
1415.994141,0.99005,0.220907,0.0009982078352940578
1416.063965,0.990155,0.234254,0.001019565764705872
1416.137207,0.99029,0.242625,0.001041969199999973
1416.206055,0.990422,0.219906,0.0010630285882353055
1416.278442,0.990644,0.23328,0.0010851704941176412
1416.338501,0.990687,0.245141,0.0011035414823529102
1416.386963,0.991114,0.197235,0.001118365152941139
1416.491577,0.990764,0.234457,0.0011503647294117568
1416.561768,0.991079,0.22885,0.0011718349176470604
1416.634277,0.991538,0.233289,0.0011284999356616964
1416.704468,0.991584,0.233426,0.001069792389705999
1416.773193,0.991658,0.234621,0.0010123110018382935
1416.820679,0.99118,0.203836,0.0009725938511030628
1417.545166,0.991428,0.237545,0.0008916650959079295
1417.619507,0.990706,0.222676,0.0008885754763427122
1417.685059,0.990225,0.228819,0.0008858511285166337
1417.758179,0.989238,0.222105,0.0008828122538363264
1417.8302,0.988178,0.228786,0.0008740273109243772
1417.892822,0.987855,0.223596,0.0008654759873949753
1417.9646,0.986741,0.228258,0.0008556743697479158
1418.038818,0.985672,0.237284,0.0008455703018575929
1418.107666,0.984733,0.227102,0.0008421065866873085
1418.155396,0.983783,0.195363,0.0008397053095975252
1418.253784,0.982928,0.213283,0.0008347554489164166
1418.317383,0.982065,0.216419,0.0008315558088235341
1418.390259,0.980469,0.222898,0.0008278894465944344
1418.458862,0.979456,0.230526,0.0008244380572755523
1418.535767,0.978464,0.210352,0.0008205689976780229
1418.598511,0.977245,0.210248,0.0008174123722910343
1418.683716,0.97539,0.197178,0.000813125743034064
1418.740234,0.974396,0.222024,0.000810282345201242
1418.81189,0.973882,0.221912,0.0008042927287581933
1418.886597,0.97257,0.236906,0.0007963581617647293
1418.947998,0.971257,0.225673,0.0007898368137254958
1419.024536,0.969598,0.212454,0.0007817077777778034
1419.095215,0.968755,0.238897,0.0007742010212418382
1419.165405,0.968694,0.21335,0.0007720588235294104
1419.240723,0.967924,0.225046,0.0007720588235294104
1419.30835,0.967255,0.231463,0.0007720588235294104
1419.381226,0.966038,0.221589,0.0007720588235294104
1419.459229,0.96569,0.230857,0.0007689172660427736
1419.521606,0.965002,0.237508,0.0007634968048128298
1419.583618,0.964308,0.231996,0.0007581080614973333
1419.659302,0.963514,0.222707,0.0007515312433155033
1419.728638,0.962842,0.231017,0.0007455060561497262
1419.799561,0.962478,0.235447,0.0007393429612299408
1419.871216,0.962339,0.229291,0.0007293049999999927
1419.938232,0.962265,0.239782,0.0007132901470588272
1420.008789,0.961815,0.221796,0.000696429099264711
1420.082153,0.961999,0.232849,0.0006788972610294003
1420.148804,0.962987,0.236697,0.000662969632352965
1420.219238,0.963412,0.230746,0.0006617647058823513
1420.289673,0.963912,0.22998,0.0006617647058823513
1420.359741,0.964575,0.22768,0.0006617647058823513
1420.401611,0.965029,0.197552,0.0006617647058823513
1420.506592,0.966181,0.228575,0.0006581758823529507
1420.571167,0.967289,0.22641,0.0006530320404411767
1420.640381,0.968257,0.220312,0.0006475186703431463
1420.708862,0.96899,0.225202,0.0006420636887254966
1420.781494,0.970644,0.221907,0.0006362780514705844
1420.847168,0.971972,0.220508,0.0006310466666666662
1420.924683,0.973835,0.229351,0.0006250000000000006
1420.994019,0.974967,0.227545,0.0006250000000000006
1421.063599,0.976501,0.219651,0.0006250000000000006
1421.136475,0.97795,0.229237,0.0006250000000000006
1421.206299,0.979507,0.226074,0.0006250000000000006
1421.272583,0.980511,0.202059,0.0006250000000000006
1421.346558,0.981589,0.224407,0.0006250000000000006
1421.415894,0.983435,0.229989,0.0006250000000000006
1421.489014,0.984714,0.214853,0.0006250000000000006
1421.558105,0.985982,0.223326,0.0006170654936974717
1421.626587,0.98666,0.217326,0.0006077139600840413
1421.694702,0.988055,0.213653,0.0005984125420168115
1421.768555,0.989559,0.22429,0.000588327573529405
1421.823975,0.990258,0.207231,0.0005807597163865612
1421.907837,0.991652,0.228593,0.0005693079726890907
1421.979004,0.99257,0.215829,0.0005595897899159753
1422.046753,0.993835,0.216048,0.0005514705882352922
1422.107056,0.994612,0.219662,0.0005514705882352922
1422.19397,0.99573,0.223446,0.0005514705882352922
1422.263184,0.995793,0.202726,0.0005514705882352922
1422.323975,0.995976,0.206084,0.0005514705882352922
1422.404297,0.997271,0.216611,0.0005514705882352922
1422.471069,0.998376,0.208527,0.0005514705882352922
1422.527832,0.999051,0.207812,0.0005514705882352922
1422.606079,0.997832,0.207725,0.0005514705882352922
1422.67627,0.99782,0.212732,0.0005514705882352922
1422.739624,0.997735,0.206687,0.0005514705882352922
1422.823975,0.99701,0.209112,0.0005514705882352922
1422.894653,0.996712,0.206412,0.0005514705882352922
1422.956177,0.996277,0.214416,0.0005514705882352922
1423.03833,0.995964,0.226227,0.0005514705882352922
1423.110229,0.996085,0.227951,0.0005514705882352922
1423.168945,0.995555,0.206844,0.0005685363970587568
1423.232056,0.994634,0.209253,0.000588645294117648
1423.32312,0.99405,0.21975,0.0006176607843137368
1423.388916,0.993795,0.209677,0.0006567921241830958
1423.453613,0.99335,0.211376,0.000704892017973767
1423.5271,0.992575,0.219707,0.0007595269607842785
1423.597534,0.991541,0.211515,0.0008118921078430558
1423.662964,0.991422,0.209603,0.0008605369607842836
1423.731079,0.991452,0.218445,0.000919413749999808
1423.807007,0.990797,0.213712,0.000991991985294212
1423.880737,0.989569,0.221683,0.0010734883333332653
1423.944946,0.989468,0.217869,0.0011553233333333167
1424.020996,0.988912,0.210702,0.0012269900653593647
1424.096436,0.988948,0.233238,0.0012910894117646606
1424.154053,0.988679,0.220278,0.0013400450326796441
1424.234131,0.988399,0.222321,0.0014080851633985693
1424.296997,0.988444,0.225438,0.0014615007189541177
1424.368042,0.987995,0.229193,0.0015282754411764478
1424.447021,0.987675,0.241838,0.0016395615294115893
1424.518799,0.987382,0.239934,0.00174933964705868
1424.590942,0.987205,0.246939,0.001851635735294143
1424.658203,0.986865,0.243146,0.0019159293382352521
1424.725342,0.986821,0.24292,0.001980106323529379
1424.797485,0.98671,0.237116,0.0020490665441177196
1424.864014,0.986032,0.242441,0.0020955882352941164
1424.940186,0.986004,0.2599,0.002175266691176383
1425.007324,0.985868,0.236706,0.0022715307352938452
1425.074341,0.985617,0.236325,0.002367621286764524
1425.150757,0.986177,0.235562,0.0024771883455881843
1425.223755,0.986443,0.239775,0.002566824632352797
1425.292847,0.986684,0.241624,0.002632868455882216
1425.365601,0.986502,0.24183,0.002702412720588182
1425.431274,0.986905,0.24204,0.002769106102941243
1425.503418,0.98707,0.242346,0.002872547867647074
1425.571655,0.987616,0.239648,0.002970387683823456
1425.642822,0.988205,0.245484,0.003025184889705876
1425.714478,0.98838,0.248437,0.0030765559191176816
1425.784424,0.988701,0.243457,0.003152344852941032
1425.848145,0.988544,0.242011,0.0032284820772057058
1425.925415,0.988921,0.249509,0.0032876586764705343
1425.998047,0.989242,0.243289,0.0033154297352941163
1426.059204,0.989383,0.242329,0.003338813294117603
1426.135864,0.989438,0.245552,0.0033962947647059273
1426.208496,0.989475,0.245211,0.0034587796470587555
1426.280884,0.989447,0.245568,0.003521054617647017
1426.345337,0.989317,0.248648,0.003576503154411674
1426.419556,0.989103,0.255992,0.0036403533235293793
1426.488403,0.988284,0.253522,0.003681606455882347
1426.562744,0.988116,0.251158,0.003695818705882352
1426.627319,0.987384,0.248198,0.003708163926470568
1426.703247,0.987132,0.252357,0.0037289757598038802
1426.769043,0.986337,0.250555,0.003749940171568611
1426.843994,0.985458,0.262839,0.0037738216176470556
1426.9104,0.984968,0.258107,0.0037960073529411374
1426.977661,0.984068,0.247063,0.0038201174540440424
1427.054565,0.983245,0.23648,0.0038476841452205106
1427.126465,0.98223,0.242151,0.003873457123161731
1427.187134,0.980808,0.243331,0.0038952042830881824
1427.260742,0.979787,0.238322,0.003912154626696781
1427.332642,0.978522,0.249636,0.00392801492081446
1427.397217,0.977553,0.243229,0.0039422594061085505
1427.473145,0.975971,0.246661,0.003959008229637957
1427.544678,0.974823,0.248492,0.003974787567873261
1427.607666,0.973595,0.247161,0.003988681979637997
1427.68457,0.972433,0.249357,0.004005646097285008
1427.754395,0.97144,0.24388,0.004023538803475876
1427.828979,0.969618,0.249966,0.0040429824933154385
1427.896851,0.968666,0.258933,0.004060676397058775
1427.962646,0.968047,0.24693,0.004077828836898343
1428.03833,0.966988,0.245612,0.004097559291443834
1428.109009,0.965484,0.251353,0.004115984966577506
1428.173706,0.964618,0.246251,0.004131584154411746
1428.248657,0.964464,0.253749,0.004149495238970593
1428.320557,0.963256,0.250408,0.004166677224264699
1428.391968,0.962715,0.26526,0.004183742352941155
1428.456787,0.962013,0.243699,0.004195204329044129
1428.533325,0.961231,0.251953,0.004204349494485306
1428.598145,0.961468,0.24727,0.004212094531249989
1428.667969,0.961258,0.252216,0.004220437472426475
1428.725952,0.96098,0.243654,0.004227365588235288
1429.027466,0.96188,0.250601,0.004315204932126683
1429.093872,0.961988,0.245917,0.004334736108597246
1429.164062,0.962517,0.247113,0.004355380226244346
1429.234375,0.963453,0.244788,0.004375
1429.296631,0.96389,0.24534,0.004375
1429.378052,0.965006,0.252241,0.004375
1429.435547,0.965919,0.243117,0.004375
1429.507324,0.96731,0.244907,0.004375
1429.584961,0.968756,0.252123,0.004375
1429.65332,0.97015,0.252069,0.004375
1429.720947,0.971489,0.244699,0.004375
1429.794434,0.972767,0.244099,0.004375
1429.863647,0.974054,0.243921,0.004375
1429.93689,0.975188,0.250012,0.004375
1430.006104,0.976839,0.252482,0.004375
1430.075684,0.977734,0.248447,0.004375
1430.14209,0.979157,0.245884,0.004375
1430.212524,0.981019,0.243974,0.004375
1430.282593,0.982105,0.239554,0.004375
1430.361084,0.983726,0.248252,0.004375
1430.423584,0.984267,0.249917,0.004375
1430.503662,0.985627,0.249661,0.004375
1430.572388,0.98729,0.240739,0.004375
1430.644165,0.988106,0.252351,0.004375
1430.709229,0.988971,0.248107,0.004366912610294159
1430.779297,0.989192,0.241334,0.004333424227941179
1430.852173,0.990474,0.24001,0.004295716985294095
1430.920532,0.991615,0.244809,0.004230373823529375
1430.991699,0.992805,0.24728,0.0040758567647062515
1431.064697,0.99351,0.247952,0.003920432205882335
1431.129761,0.994355,0.233001,0.0037960451470590378
1431.209106,0.995791,0.240661,0.00364435617647064
1431.274658,0.996497,0.239386,0.0035274266764705724
1431.348877,0.997445,0.23882,0.0033997263382354787
1431.421753,0.997532,0.237633,0.0032743367499998327
1431.481201,0.997853,0.225095,0.003179459191176466
1431.555542,0.998839,0.228853,0.003073949246323573
1431.625244,0.999353,0.226502,0.0030156506985294204
1431.703003,0.999522,0.222215,0.0029506132996323163
1431.765259,0.99937,0.228848,0.0028985425643382277
1431.838867,0.998934,0.233052,0.0028369770496323794
1431.913452,0.998434,0.227545,0.0028094393137255017
1431.981934,0.998447,0.225249,0.002796067220588216
1432.052246,0.997609,0.22203,0.002802788220588224
1432.119263,0.997306,0.228453,0.00280919425735294
1432.19397,0.99741,0.222879,0.0028163353676470596
1432.264038,0.997012,0.226593,0.0028230330441176496
1432.329468,0.996173,0.225559,0.0028292873823529347
1432.400879,0.995821,0.222508,0.0028701154595588622
1432.472656,0.995478,0.22305,0.0029215732352940614
1432.543213,0.995503,0.225979,0.002950027872899142
1432.616577,0.994878,0.224577,0.002965055162815122
1432.682617,0.994993,0.2223,0.002978582263655441
1432.759033,0.994074,0.22207,0.0029942347006302493
1432.824951,0.994236,0.22501,0.0030077368119747865
1432.894287,0.993806,0.228182,0.0030219390388655436
1432.967773,0.993685,0.226824,0.0030369913182773057
1433.035522,0.993212,0.223205,0.0030508684768907114
1433.109375,0.993585,0.228408,0.0028881835937500495
1433.181885,0.993566,0.233481,0.002862191957720656
1433.249512,0.993576,0.228528,0.0028379506617647325
1433.312622,0.993736,0.228361,0.0027953307142859164
1433.389648,0.992957,0.223659,0.0027322211764706466
1433.456909,0.993071,0.21404,0.0026771123739496956
1433.533569,0.993648,0.219733,0.0026143027100841805
1433.603394,0.993336,0.212564,0.002537881691176645
1433.670166,0.993685,0.214565,0.0024634178186275
1433.739624,0.993674,0.221422,0.002385958529411898
1433.812012,0.993636,0.217965,0.0023120473529411405
1433.884521,0.993907,0.235384,0.0022794117647058805
1433.949097,0.994502,0.218057,0.0022794117647058805
1434.002319,0.995274,0.202542,0.0022794117647058805
1749.06936,0.98276,0.001011,0.001011
1749.1395,0.98294,0.00103,0.00103
1749.20963,0.98323,0.001121,0.001121
1749.27977,0.98357,0.00108,0.00108
1749.34991,0.98302,0.001098,0.001098
1749.42005,0.98368,0.001037,0.001037
1749.49019,0.98418,0.001039,0.001039
1749.56033,0.98522,0.001121,0.001121
1749.63047,0.98574,0.000953,0.000953
1749.70061,0.98538,0.00096,0.00096
1749.77075,0.98569,0.00087,0.00087
1749.84088,0.98637,0.000729,0.000729
1749.91102,0.98664,0.000713,0.000713
1749.98116,0.98652,0.000639,0.000639
1750.0513,0.987,0.000623,0.000623
1750.12144,0.98727,0.000613,0.000613
1750.19158,0.98767,0.000589,0.000589
1750.26172,0.98823,0.000516,0.000516
1750.33186,0.98781,0.00053,0.00053
1750.402,0.98837,0.000547,0.000547
1750.47213,0.98936,0.000525,0.000525
1750.54227,0.98929,0.000536,0.000536
1750.61241,0.98947,0.000592,0.000592
1750.68255,0.98954,0.000565,0.000565
1750.75269,0.98976,0.00053,0.00053
1750.82283,0.99029,0.000504,0.000504
1750.89297,0.9904,0.000494,0.000494
1750.96311,0.99039,0.000507,0.000507
1751.03325,0.99096,0.000503,0.000503
1751.10338,0.99202,0.000474,0.000474
1751.17352,0.99224,0.000521,0.000521
1751.24366,0.99253,0.000516,0.000516
1751.3138,0.99233,0.000498,0.000498
1751.38394,0.99337,0.000477,0.000477
1751.45408,0.99389,0.000432,0.000432
1751.52422,0.99356,0.000465,0.000465
1751.59436,0.99381,0.000476,0.000476
1751.6645,0.99452,0.000579,0.000579
1751.73463,0.99522,0.000478,0.000478
1751.80477,0.99541,0.000492,0.000492
1751.87491,0.99528,0.000408,0.000408
1751.94505,0.99562,0.000457,0.000457
1752.01519,0.99624,0.000431,0.000431
1752.08533,0.99712,0.000457,0.000457
1752.15547,0.99683,0.000442,0.000442
1752.22561,0.99678,0.000403,0.000403
1752.29575,0.99776,0.00042,0.00042
1752.36588,0.99811,0.00044,0.00044
1752.43602,0.99903,0.000398,0.000398
1752.50616,0.99883,0.000443,0.000443
1752.5763,0.99903,0.000471,0.000471
1752.64644,0.99975,0.000496,0.000496
1752.71658,0.99985,0.000432,0.000432
1752.78672,0.99992,0.000445,0.000445
1752.85686,0.99989,0.000434,0.000434
1752.927,1.00012,0.000446,0.000446
1752.99713,0.99987,0.000416,0.000416
1753.06727,1.00001,0.000412,0.000412
1753.13741,0.99954,0.0004,0.0004
1753.20755,0.9991,0.0004,0.0004
1753.27769,0.99925,0.000406,0.000406
1753.34783,0.99921,0.000421,0.000421
1753.41797,0.99865,0.000397,0.000397
1753.48811,0.99792,0.000451,0.000451
1753.55825,0.998,0.000448,0.000448
1753.62838,0.99767,0.000469,0.000469
1753.69852,0.99763,0.000429,0.000429
1753.76866,0.99676,0.000418,0.000418
1753.8388,0.99653,0.000403,0.000403
1753.90894,0.99591,0.000442,0.000442
1753.97908,0.99603,0.000428,0.000428
1754.04922,0.99647,0.000427,0.000427
1754.11936,0.99577,0.000458,0.000458
1754.1895,0.99542,0.000443,0.000443
1754.25963,0.99564,0.000464,0.000464
1754.32977,0.99552,0.000487,0.000487
1754.39991,0.99482,0.000416,0.000416
1754.47005,0.99471,0.000463,0.000463
1754.54019,0.99471,0.000481,0.000481
1754.61033,0.99486,0.000515,0.000515
1754.68047,0.99469,0.000491,0.000491
1754.75061,0.99409,0.000494,0.000494
1754.82075,0.99407,0.000517,0.000517
1754.89088,0.99405,0.000515,0.000515
1754.96102,0.99411,0.000482,0.000482
1755.03116,0.99363,0.000482,0.000482
1755.1013,0.99329,0.000507,0.000507
1755.17144,0.99369,0.000492,0.000492
1755.24158,0.99342,0.000493,0.000493
1755.31172,0.99237,0.000509,0.000509
1755.38186,0.99283,0.000495,0.000495
1755.452,0.99215,0.000511,0.000511
1755.52213,0.99224,0.000508,0.000508
1755.59227,0.99138,0.00052,0.00052
1755.66241,0.99065,0.000499,0.000499
1755.73255,0.99021,0.000506,0.000506
1755.80269,0.99036,0.000504,0.000504
1755.87283,0.99007,0.000495,0.000495
1755.94297,0.98919,0.000486,0.000486
1756.01311,0.9883,0.000475,0.000475
1756.08325,0.98803,0.000487,0.000487
1756.15338,0.98748,0.000471,0.000471
1756.22352,0.98703,0.000467,0.000467
1756.29366,0.98575,0.000461,0.000461
1756.3638,0.98524,0.00045,0.00045
1756.43394,0.98452,0.000442,0.000442
1756.50408,0.98468,0.000445,0.000445
1756.57422,0.98375,0.000448,0.000448
1756.64436,0.98297,0.000429,0.000429
1756.7145,0.98219,0.000429,0.000429
1756.78463,0.98236,0.000443,0.000443
1756.85477,0.98228,0.000422,0.000422
1756.92491,0.98143,0.000419,0.000419
1756.99505,0.98149,0.000427,0.000427
1757.06519,0.98221,0.000419,0.000419
1757.13533,0.98226,0.000418,0.000418
1757.20547,0.98205,0.000417,0.000417
1757.27561,0.98169,0.000452,0.000452
1757.34575,0.98199,0.000423,0.000423
1757.41588,0.98196,0.000431,0.000431
1757.48602,0.98173,0.000419,0.000419
1757.55616,0.98205,0.000414,0.000414
1757.6263,0.98219,0.000409,0.000409
1757.69644,0.98262,0.000404,0.000404
1757.76658,0.98293,0.00041,0.00041
1757.83672,0.98311,0.000405,0.000405
1757.90686,0.98316,0.000425,0.000425
1757.977,0.98402,0.00043,0.00043
1758.04713,0.98444,0.000423,0.000423
1758.11727,0.98436,0.000428,0.000428
1758.18741,0.98528,0.000408,0.000408
1758.25755,0.98574,0.000423,0.000423
1758.32769,0.98637,0.000423,0.000423
1758.39783,0.98642,0.000409,0.000409
1758.74852,0.9878,0.000431,0.000431
1758.81866,0.98757,0.000429,0.000429
1758.8888,0.98775,0.00044,0.00044
1758.95894,0.98809,0.000429,0.000429
1759.02908,0.98818,0.000446,0.000446
1759.09922,0.98743,0.000438,0.000438
1759.16936,0.98786,0.000437,0.000437
1759.2395,0.98814,0.000416,0.000416
1759.30963,0.98851,0.000424,0.000424
1759.37977,0.98805,0.000434,0.000434
1759.44991,0.98817,0.00044,0.00044
1759.52005,0.98803,0.000438,0.000438
1759.59019,0.98793,0.000446,0.000446
1759.66033,0.98827,0.000422,0.000422
1759.73047,0.98783,0.000423,0.000423
1759.80061,0.98783,0.000448,0.000448
1759.87075,0.98784,0.000441,0.000441
1759.94088,0.98839,0.000449,0.000449
1760.01102,0.98801,0.000443,0.000443
1760.08116,0.98823,0.000465,0.000465
1760.1513,0.98844,0.000464,0.000464
1760.22144,0.98888,0.000472,0.000472
1760.29158,0.98903,0.000545,0.000545
1760.36172,0.98929,0.000551,0.000551
1760.43186,0.98976,0.000583,0.000583
1760.502,0.9904,0.000638,0.000638
1760.57213,0.99087,0.000671,0.000671
1760.64227,0.99066,0.00071,0.00071
1760.71241,0.99169,0.000771,0.000771
1760.78255,0.99219,0.00083,0.00083
1760.85269,0.99283,0.000862,0.000862
1760.92283,0.99326,0.000889,0.000889
1760.99297,0.99402,0.000958,0.000958
1761.06311,0.99463,0.001035,0.001035
1761.13325,0.99553,0.001076,0.001076
1761.20338,0.99626,0.001112,0.001112
1761.27352,0.99618,0.00118,0.00118
1761.34366,0.99687,0.001282,0.001282
1761.4138,0.99843,0.001376,0.001376
1761.48394,0.9987,0.000689,0.000689
1761.55408,0.99797,0.000507,0.000507
1761.62422,0.99846,0.00056,0.00056
1761.69436,0.99942,0.001358,0.001358
1761.7645,1.00025,0.00149,0.00149
1761.83463,1.00048,0.001471,0.001471
1761.90477,0.99959,0.001449,0.001449
1761.97491,1.00022,0.001476,0.001476
1762.04505,1.00066,0.001473,0.001473
1762.11519,1.00053,0.001474,0.001474
1762.18533,1.0,0.001448,0.001448
1762.25547,0.99964,0.001446,0.001446
1762.32561,0.99954,0.001435,0.001435
1762.39575,0.99965,0.001397,0.001397
1762.46588,0.99935,0.001353,0.001353
1762.53602,0.99844,0.001329,0.001329
1762.60616,0.99771,0.001287,0.001287
1762.6763,0.99754,0.001238,0.001238
1762.74644,0.99707,0.001187,0.001187
1762.81658,0.99557,0.001138,0.001138
1762.88672,0.99508,0.001085,0.001085
1762.95686,0.99471,0.001025,0.001025
1763.027,0.99435,0.000996,0.000996
1763.09713,0.99431,0.000923,0.000923
1763.16727,0.99381,0.000885,0.000885
1763.23741,0.9931,0.000839,0.000839
1763.30755,0.99267,0.000786,0.000786
1763.37769,0.99232,0.000757,0.000757
1763.44783,0.99206,0.000735,0.000735
1763.51797,0.99161,0.0007,0.0007
1763.58811,0.99086,0.000664,0.000664
1763.65825,0.99074,0.000655,0.000655
1763.72838,0.99122,0.000627,0.000627
1763.79852,0.99072,0.000606,0.000606
1763.86866,0.99032,0.000608,0.000608
1763.9388,0.98963,0.000593,0.000593
1764.00894,0.9903,0.000582,0.000582
1764.07908,0.99046,0.00059,0.00059
1764.14922,0.98985,0.000566,0.000566
1764.21936,0.9899,0.000566,0.000566
1764.2895,0.98951,0.000551,0.000551
1764.35963,0.98983,0.000561,0.000561
1764.42977,0.99004,0.000553,0.000553
1764.49991,0.98924,0.00057,0.00057
1764.57005,0.98951,0.000561,0.000561
1764.64019,0.98951,0.000564,0.000564
1764.71033,0.98972,0.000558,0.000558
1764.78047,0.98887,0.000553,0.000553
1764.85061,0.98835,0.000557,0.000557
1764.92075,0.98824,0.000569,0.000569
1764.99088,0.98828,0.00057,0.00057
1765.06102,0.9883,0.000587,0.000587
1765.13116,0.98732,0.000598,0.000598
1765.2013,0.98708,0.000593,0.000593
1765.27144,0.98709,0.00059,0.00059
1765.34158,0.98726,0.000624,0.000624
1765.41172,0.98637,0.000627,0.000627
1765.48186,0.98676,0.000609,0.000609
1765.552,0.98662,0.000622,0.000622
1765.62213,0.98668,0.000606,0.000606
1765.69227,0.98705,0.00061,0.00061
1765.76241,0.98649,0.000616,0.000616
1765.83255,0.98679,0.000625,0.000625
1765.90269,0.98699,0.000615,0.000615
1765.97283,0.98711,0.000618,0.000618
1766.04297,0.98665,0.000616,0.000616
1766.11311,0.98732,0.000618,0.000618
1766.18325,0.98791,0.000637,0.000637
1766.25338,0.98836,0.000637,0.000637
1766.32352,0.98848,0.000619,0.000619
1766.39366,0.98849,0.000652,0.000652
1766.4638,0.9883,0.000639,0.000639
1766.53394,0.98952,0.000643,0.000643
1766.60408,0.98984,0.000642,0.000642
1766.67422,0.98905,0.000642,0.000642
1766.74436,0.9894,0.000647,0.000647
1766.8145,0.98969,0.000652,0.000652
1766.88463,0.9904,0.000649,0.000649
1766.95477,0.98987,0.000647,0.000647
1767.02491,0.99041,0.000664,0.000664
1767.09505,0.99039,0.000669,0.000669
1767.16519,0.99084,0.000664,0.000664
1767.23533,0.99116,0.000664,0.000664
1767.30547,0.99077,0.000674,0.000674
1767.37561,0.99053,0.000667,0.000667
1767.44575,0.99065,0.00069,0.00069
1767.51588,0.99117,0.000681,0.000681
1767.58602,0.99088,0.000682,0.000682
1767.65616,0.99102,0.000691,0.000691
1767.7263,0.99106,0.000712,0.000712
1767.79644,0.9916,0.000715,0.000715
1767.86658,0.99108,0.000703,0.000703
1767.93672,0.99033,0.000699,0.000699
1768.00686,0.99052,0.000701,0.000701
1768.077,0.99036,0.000711,0.000711
1768.14713,0.99049,0.000705,0.000705
1768.21727,0.9902,0.000715,0.000715
1768.28741,0.98983,0.000709,0.000709
1768.35755,0.98981,0.000716,0.000716
1768.42769,0.99074,0.000719,0.000719
1768.49783,0.9906,0.000712,0.000712
1768.56797,0.99012,0.000712,0.000712
1768.63811,0.98974,0.000729,0.000729
1768.70825,0.99051,0.000709,0.000709
1768.77838,0.99112,0.00073,0.00073
1768.84852,0.99041,0.000734,0.000734
1768.91866,0.99046,0.000734,0.000734
1768.9888,0.99052,0.000738,0.000738
2112.72098,0.99351,0.000516,0.000516
2112.79112,0.99418,0.000472,0.000472
2112.86126,0.99422,0.000685,0.000685
2112.9314,0.99518,0.00073,0.00073
2113.00154,0.99574,0.000534,0.000534
2113.07168,0.99609,0.000571,0.000571
2113.14182,0.99665,0.000482,0.000482
2113.70293,1.00034,0.000812,0.000812
2113.77307,1.00029,0.000658,0.000658
2113.84321,0.99998,0.000749,0.000749
2113.91334,1.0002,0.000688,0.000688
2113.98348,0.99991,0.000756,0.000756
2114.05362,0.99999,0.000803,0.000803
2114.12376,0.99967,0.000818,0.000818
2114.1939,0.99941,0.000727,0.000727
2114.26404,0.99922,0.000794,0.000794
2114.33418,0.99874,0.000902,0.000902
2114.40432,0.99875,0.00094,0.00094
2114.47446,0.9981,0.000911,0.000911
2114.54459,0.99844,0.000524,0.000524
2114.61473,0.99739,0.000741,0.000741
2114.68487,0.99656,0.000678,0.000678
2114.75501,0.99603,0.000606,0.000606
2114.82515,0.99536,0.000633,0.000633
2114.89529,0.9947,0.000625,0.000625
2114.96543,0.99384,0.000553,0.000553
2115.03557,0.99326,0.000549,0.000549
2115.10571,0.9926,0.000524,0.000524
2115.17584,0.99148,0.000508,0.000508
2115.24598,0.99048,0.000493,0.000493
2115.31612,0.98973,0.000492,0.000492
2115.38626,0.98907,0.000502,0.000502
2115.4564,0.98825,0.000457,0.000457
2115.52654,0.98778,0.000407,0.000407
2115.59668,0.98753,0.000415,0.000415
2115.73696,0.9865,0.000544,0.000544
2115.80709,0.98591,0.000622,0.000622
2115.87723,0.98563,0.000733,0.000733
2115.94737,0.98531,0.000894,0.000894
2116.01751,0.98491,0.000593,0.000593
2116.08765,0.98497,0.000962,0.000962
2116.15779,0.98403,0.000996,0.000996
2116.22793,0.98324,0.001059,0.001059
2116.29807,0.9828,0.001082,0.001082
2116.36821,0.98297,0.001102,0.001102
2116.43834,0.98268,0.001115,0.001115
2116.50848,0.98234,0.001096,0.001096
2116.57862,0.98216,0.00111,0.00111
2116.64876,0.98167,0.001058,0.001058
2116.7189,0.98143,0.001064,0.001064
2116.78904,0.98096,0.001045,0.001045
2116.85918,0.98072,0.001036,0.001036
2116.92932,0.98072,0.001027,0.001027
2116.99946,0.98068,0.00103,0.00103
2117.06959,0.98058,0.001073,0.001073
2117.13973,0.98059,0.001058,0.001058
2117.20987,0.98013,0.000993,0.000993
2117.28001,0.98036,0.001027,0.001027
2117.35015,0.98045,0.001028,0.001028
2117.42029,0.98001,0.000917,0.000917
2117.49043,0.97994,0.000908,0.000908
2117.56057,0.97999,0.000856,0.000856
2117.63071,0.98006,0.000804,0.000804
2117.70084,0.9803,0.000771,0.000771
2117.77098,0.98013,0.000676,0.000676
2117.84112,0.98,0.000604,0.000604
2117.91126,0.98009,0.000552,0.000552
2117.9814,0.9796,0.000494,0.000494
2118.05154,0.97998,0.000478,0.000478
2118.12168,0.9801,0.000416,0.000416
2118.19182,0.98022,0.000336,0.000336
2118.26196,0.9802,0.000344,0.000344
2118.33209,0.98013,0.000318,0.000318
2118.40223,0.97986,0.000315,0.000315
2118.47237,0.97999,0.000268,0.000268
2118.54251,0.98041,0.000309,0.000309
2118.61265,0.98017,0.000253,0.000253
2118.68279,0.98029,0.000248,0.000248
2118.75293,0.98031,0.000224,0.000224
2118.82307,0.97992,0.000232,0.000232
2118.89321,0.98037,0.000244,0.000244
2118.96334,0.98014,0.00023,0.00023
2119.03348,0.98027,0.000239,0.000239
2119.10362,0.98018,0.000256,0.000256
2119.17376,0.98049,0.000256,0.000256
2119.2439,0.98037,0.000256,0.000256
2119.31404,0.9806,0.000259,0.000259
2119.38418,0.98056,0.000185,0.000185
2119.45432,0.98071,0.000226,0.000226
2119.52446,0.98108,0.000259,0.000259
2119.59459,0.98094,0.000295,0.000295
2119.66473,0.98108,0.000296,0.000296
2119.73487,0.98105,0.00029,0.00029
2119.80501,0.98098,0.000292,0.000292
2119.87515,0.98092,0.000315,0.000315
2119.94529,0.98127,0.000324,0.000324
2121.41821,0.98875,0.000274,0.000274
2121.48834,0.98967,0.00026,0.00026
2121.55848,0.9904,0.000283,0.000283
2121.62862,0.99109,0.000268,0.000268
2121.69876,0.99194,0.000246,0.000246
2121.7689,0.99283,0.000226,0.000226
2121.83904,0.99323,0.000215,0.000215
2121.90918,0.99394,0.000217,0.000217
2121.97932,0.99487,0.000234,0.000234
2122.04946,0.99581,0.000201,0.000201
2122.11959,0.99619,0.000209,0.000209
2122.18973,0.99713,0.000197,0.000197
2122.25987,0.99757,0.000218,0.000218
2122.33001,0.99783,0.000224,0.000224
2122.40015,0.99814,0.000215,0.000215
2122.47029,0.99872,0.000199,0.000199
2122.54043,0.99949,0.000245,0.000245
2122.61057,0.99898,0.000229,0.000229
2122.68071,0.99921,0.000218,0.000218
2122.75084,0.99888,0.000216,0.000216
2123.10154,0.99981,0.000212,0.000212
2123.17168,0.99973,0.000182,0.000182
2123.24182,1.00006,0.000208,0.000208
2123.31196,0.99993,0.000182,0.000182
2123.38209,0.99967,0.000178,0.000178
2123.45223,0.99945,0.00018,0.00018
2123.52237,0.99967,0.000194,0.000194
2123.59251,0.99926,0.000246,0.000246
2123.66265,0.99909,0.000217,0.000217
2123.73279,0.99862,0.000197,0.000197
2123.80293,0.99815,0.000215,0.000215
2123.87307,0.9976,0.000207,0.000207
2123.94321,0.99725,0.000192,0.000192
2124.01334,0.99665,0.000189,0.000189
2124.08348,0.99602,0.000212,0.000212
2124.15362,0.9953,0.000199,0.000199
2124.22376,0.99446,0.000183,0.000183
2124.2939,0.99459,0.000228,0.000228
2124.36404,0.9934,0.000177,0.000177
2124.43418,0.99281,0.000172,0.000172
2124.50432,0.99231,0.000244,0.000244
2124.57446,0.99139,0.000226,0.000226
2124.64459,0.991,0.000229,0.000229
2124.71473,0.99053,0.000216,0.000216
2124.78487,0.99001,0.000245,0.000245
2124.85501,0.98908,0.00021,0.00021
2124.92515,0.98881,0.000216,0.000216
2124.99529,0.98787,0.000224,0.000224
2125.06543,0.98729,0.000228,0.000228
